Country,Total_Living,Total_Mortality,Total_of_new_Infect,Percent_of_Educated,Total,%_living_educated,%_mortality_educated,%_new_educated,%_new_infected_educated,DISAGG,Percent_in_Rural_Urban
Kenya,2766000,67440,177060,76.23333333333333,3010500,91.8784255107125,2.240159441953164,5.88141504733433,5.88141504733433,Rural,68.03999999999999
Kenya,2766000,67440,177060,76.23333333333333,3010500,91.8784255107125,2.240159441953164,5.88141504733433,5.88141504733433,Urban,76.33
Uganda,2386000,62150,216410,66.62962962962963,2664560,89.54574113549705,2.33246764944306,8.121791215059897,8.121791215059897,Rural,56.611111111111114
Uganda,2386000,62150,216410,66.62962962962963,2664560,89.54574113549705,2.33246764944306,8.121791215059897,8.121791215059897,Urban,68.68888888888888
United Republic of Tanzania,2421000,64560,249700,67.01632653061225,2735260,88.51078142480057,2.3602875046613487,9.128931070538084,9.128931070538084,Rural,54.04736842105264
United Republic of Tanzania,2421000,64560,249700,67.01632653061225,2735260,88.51078142480057,2.3602875046613487,9.128931070538084,9.128931070538084,Urban,66.83157894736841
